{
  "neutral": {
    "precision": 0.42857142857142855,
    "recall": 0.75,
    "f1-score": 0.5454545454545454,
    "support": 16.0
  },
  "calm": {
    "precision": 0.75,
    "recall": 0.65625,
    "f1-score": 0.7,
    "support": 32.0
  },
  "happy": {
    "precision": 0.48,
    "recall": 0.375,
    "f1-score": 0.42105263157894735,
    "support": 32.0
  },
  "sad": {
    "precision": 0.2903225806451613,
    "recall": 0.5625,
    "f1-score": 0.3829787234042553,
    "support": 32.0
  },
  "angry": {
    "precision": 0.6896551724137931,
    "recall": 0.625,
    "f1-score": 0.6557377049180327,
    "support": 32.0
  },
  "fearful": {
    "precision": 0.5714285714285714,
    "recall": 0.625,
    "f1-score": 0.5970149253731343,
    "support": 32.0
  },
  "disgust": {
    "precision": 0.8636363636363636,
    "recall": 0.59375,
    "f1-score": 0.7037037037037037,
    "support": 32.0
  },
  "surprised": {
    "precision": 0.6363636363636364,
    "recall": 0.21875,
    "f1-score": 0.32558139534883723,
    "support": 32.0
  },
  "accuracy": 0.5375,
  "macro avg": {
    "precision": 0.5887472191323693,
    "recall": 0.55078125,
    "f1-score": 0.541440453722682,
    "support": 240.0
  },
  "weighted avg": {
    "precision": 0.5994256051697654,
    "recall": 0.5375,
    "f1-score": 0.5411728476072244,
    "support": 240.0
  }
}