{
  "normal": {
    "precision": 0.7586206896551724,
    "recall": 0.859375,
    "f1-score": 0.8058608058608059,
    "support": 128.0
  },
  "strong": {
    "precision": 0.8105263157894737,
    "recall": 0.6875,
    "f1-score": 0.7439613526570048,
    "support": 112.0
  },
  "accuracy": 0.7791666666666667,
  "macro avg": {
    "precision": 0.7845735027223231,
    "recall": 0.7734375,
    "f1-score": 0.7749110792589053,
    "support": 240.0
  },
  "weighted avg": {
    "precision": 0.782843315184513,
    "recall": 0.7791666666666667,
    "f1-score": 0.7769743943656987,
    "support": 240.0
  }
}