{
  "neutral|normal": {
    "precision": 0.42857142857142855,
    "recall": 0.75,
    "f1-score": 0.5454545454545454,
    "support": 16.0
  },
  "neutral|strong": {
    "precision": 0.0,
    "recall": 0.0,
    "f1-score": 0.0,
    "support": 0.0
  },
  "calm|normal": {
    "precision": 0.3333333333333333,
    "recall": 0.4375,
    "f1-score": 0.3783783783783784,
    "support": 16.0
  },
  "calm|strong": {
    "precision": 0.8571428571428571,
    "recall": 0.375,
    "f1-score": 0.5217391304347826,
    "support": 16.0
  },
  "happy|normal": {
    "precision": 0.2,
    "recall": 0.25,
    "f1-score": 0.2222222222222222,
    "support": 16.0
  },
  "happy|strong": {
    "precision": 1.0,
    "recall": 0.3125,
    "f1-score": 0.47619047619047616,
    "support": 16.0
  },
  "sad|normal": {
    "precision": 0.09302325581395349,
    "recall": 0.25,
    "f1-score": 0.13559322033898305,
    "support": 16.0
  },
  "sad|strong": {
    "precision": 0.3684210526315789,
    "recall": 0.4375,
    "f1-score": 0.4,
    "support": 16.0
  },
  "angry|normal": {
    "precision": 0.625,
    "recall": 0.3125,
    "f1-score": 0.4166666666666667,
    "support": 16.0
  },
  "angry|strong": {
    "precision": 0.6666666666666666,
    "recall": 0.875,
    "f1-score": 0.7567567567567568,
    "support": 16.0
  },
  "fearful|normal": {
    "precision": 0.4444444444444444,
    "recall": 0.25,
    "f1-score": 0.32,
    "support": 16.0
  },
  "fearful|strong": {
    "precision": 0.5384615384615384,
    "recall": 0.875,
    "f1-score": 0.6666666666666666,
    "support": 16.0
  },
  "disgust|normal": {
    "precision": 0.7142857142857143,
    "recall": 0.3125,
    "f1-score": 0.43478260869565216,
    "support": 16.0
  },
  "disgust|strong": {
    "precision": 0.6,
    "recall": 0.5625,
    "f1-score": 0.5806451612903226,
    "support": 16.0
  },
  "surprised|normal": {
    "precision": 0.3333333333333333,
    "recall": 0.1875,
    "f1-score": 0.24,
    "support": 16.0
  },
  "surprised|strong": {
    "precision": 0.0,
    "recall": 0.0,
    "f1-score": 0.0,
    "support": 16.0
  },
  "accuracy": 0.4125,
  "macro avg": {
    "precision": 0.450167726542803,
    "recall": 0.38671875,
    "f1-score": 0.3809434895684658,
    "support": 240.0
  },
  "weighted avg": {
    "precision": 0.48017890831232324,
    "recall": 0.4125,
    "f1-score": 0.4063397222063635,
    "support": 240.0
  }
}