{
  "neutral": {
    "precision": 0.45,
    "recall": 0.5625,
    "f1-score": 0.5,
    "support": 16.0
  },
  "calm": {
    "precision": 0.6923076923076923,
    "recall": 0.84375,
    "f1-score": 0.7605633802816901,
    "support": 32.0
  },
  "happy": {
    "precision": 0.5357142857142857,
    "recall": 0.46875,
    "f1-score": 0.5,
    "support": 32.0
  },
  "sad": {
    "precision": 0.296875,
    "recall": 0.59375,
    "f1-score": 0.3958333333333333,
    "support": 32.0
  },
  "angry": {
    "precision": 0.9545454545454546,
    "recall": 0.65625,
    "f1-score": 0.7777777777777778,
    "support": 32.0
  },
  "fearful": {
    "precision": 0.6551724137931034,
    "recall": 0.59375,
    "f1-score": 0.6229508196721312,
    "support": 32.0
  },
  "disgust": {
    "precision": 0.8076923076923077,
    "recall": 0.65625,
    "f1-score": 0.7241379310344828,
    "support": 32.0
  },
  "surprised": {
    "precision": 0.75,
    "recall": 0.28125,
    "f1-score": 0.4090909090909091,
    "support": 32.0
  },
  "accuracy": 0.5833333333333334,
  "macro avg": {
    "precision": 0.6427883942566055,
    "recall": 0.58203125,
    "f1-score": 0.5862942688987904,
    "support": 240.0
  },
  "weighted avg": {
    "precision": 0.6556409538737125,
    "recall": 0.5833333333333334,
    "f1-score": 0.5920472201587099,
    "support": 240.0
  }
}